district,province,province_poverty_rate,national_secondary_nar,secondary_nar,primary_nar,primary_repetition,youth_literacy_15_24,adult_literacy_15_plus,computer_literacy_15_24,ever_attended_6plus,primary_gender_gap,split
Bugesera,East,26.8,33.66307100115263,32.46938654652555,93.52186796200182,19.490395249186985,85.13919314851589,77.03419067293711,17.46351621587642,93.79048040925686,-1.075089570557438,train
Gatsibo,East,26.8,33.66307100115263,31.321732144022306,88.16165484204838,23.083796622773118,85.04409754341795,72.83366013565242,10.839667879357068,91.81054178261577,5.06858621603044,val
Kayonza,East,26.8,33.66307100115263,31.640801199222565,89.1598543092615,21.922807165320528,86.52209321455466,73.95482023831333,10.05456643651831,90.54893935533536,5.234060876688545,train
Kirehe,East,26.8,33.66307100115263,32.58627057764047,95.26257267458797,24.157086764141813,86.08293997917184,71.57110894124504,7.871528591917629,90.27753700336105,-2.417419797979548,train
Ngoma,East,26.8,33.66307100115263,27.14157509684702,87.63619556073827,20.33419263426765,76.69619800786407,64.64679552527657,18.650718212885046,89.93399220354891,-1.2087192766345254,train
Nyagatare,East,26.8,33.66307100115263,27.858779375826426,89.06353536940779,16.275170103845777,86.2954618028788,74.17161230415257,10.154537709921058,89.23066802862637,-0.6208268538170358,train
Rwamagana,East,26.8,33.66307100115263,30.835408427446787,92.46310048918869,16.77404823464807,84.78062142275768,75.8785499816733,16.247750134457064,91.82775849467997,4.279728869384741,train
Gasabo,Kigali City,9.1,33.66307100115263,42.31275365990112,95.41730859871109,18.40676230274085,93.54382093637405,89.96515020393028,29.99595174814448,96.30766833275047,2.937825345196174,train
Kicukiro,Kigali City,9.1,33.66307100115263,54.20969685445571,96.00703082862391,13.343294220160834,95.63681616910505,92.6903479793966,39.67132749392025,97.44425111152354,2.721808368822252,train
Nyarugenge,Kigali City,9.1,33.66307100115263,44.30321660378731,93.8750659637184,13.447393954543092,93.40773241093778,89.44071487895387,26.863890177629198,96.58438498285793,1.5439763124465458,val
Burera,North,20.2,33.66307100115263,31.992697718222995,96.11068025099752,22.395759264996112,89.0299150985688,72.93251750983843,6.997318132198663,89.60547630462017,-1.356033541339258,train
Gakenke,North,20.2,33.66307100115263,31.716710019244978,96.6272148210175,24.92418026502096,90.16522340045012,74.45081829037447,8.763712839074664,91.6197286473155,-2.083028650515388,val
Gicumbi,North,20.2,33.66307100115263,29.342380337364514,96.84024927233948,27.2444539183477,90.05623434945369,75.59776054735912,9.727625900883982,89.897067035962,2.2426630294141177,train
Musanze,North,20.2,33.66307100115263,37.01573122093402,96.63388789660715,19.924996885928557,88.559417645839,77.47018154173828,16.29776486361098,93.28887630716414,1.3891014646937379,train
Rulindo,North,20.2,33.66307100115263,31.116750062456664,94.2912639435267,22.36641766836682,90.7288671072852,75.95877311068121,12.276211016851267,92.5152364994634,0.49118997613680904,train
Gisagara,South,34.7,33.66307100115263,27.421925948542086,92.02687517683825,27.488315365267937,81.44098090288365,68.83215121103925,7.227545518288287,89.96276196121221,-2.681546516281017,train
Huye,South,34.7,33.66307100115263,35.72989966272127,90.92909096623114,24.84920877843816,90.58616715993753,77.66962083068638,29.129628250021604,91.36251035905964,5.687977723640998,train
Kamonyi,South,34.7,33.66307100115263,29.611357408941533,91.82995112129707,23.283346332788213,84.38758334751995,75.18520588989296,8.142933188757475,92.7193921288227,-0.1817212732781428,train
Muhanga,South,34.7,33.66307100115263,38.86117648817325,94.8054039663557,20.899708249327986,91.67011682861448,76.52572383706621,14.867238257815076,90.83598284769774,-1.212783697465028,train
Nyamagabe,South,34.7,33.66307100115263,26.06042348649662,91.84690672694181,24.74889360836806,86.07080580190235,67.67578803351657,6.573588991579169,88.1867898441365,1.3945851803868834,train
Nyanza,South,34.7,33.66307100115263,30.458603303435762,89.19333883349293,17.40651965444075,80.6689557912006,65.33897155279102,7.6892217037308646,88.98970726668607,9.267904366434749,val
Nyaruguru,South,34.7,33.66307100115263,27.905255109406617,93.40402535557496,23.71809923593111,84.14378640194975,67.92668425028737,6.745149357937884,91.18791521986745,0.9743497262961682,train
Ruhango,South,34.7,33.66307100115263,40.69919450981806,92.5115785850625,21.085223693587068,90.20860535448446,76.19970350449778,18.042522506380664,92.25489799493907,5.511784345516418,train
Karongi,West,37.4,33.66307100115263,36.545409074833735,94.66874137665864,21.69975773002847,88.26126312086299,71.14935314911281,11.608166090335086,93.16395982950426,-0.9528637467495855,train
Ngororero,West,37.4,33.66307100115263,30.221082173312286,90.02153709168057,22.226890236814306,88.90207011450883,71.23400683439571,6.509012119722164,87.65239789342874,3.5578385797654732,train
Nyabihu,West,37.4,33.66307100115263,33.248310037030514,96.23568127212846,18.045800034144953,86.15109331866209,72.57265927040764,12.065468518308013,90.06207022076596,-0.5981106539142047,val
Nyamasheke,West,37.4,33.66307100115263,41.4850768385516,95.75770508756682,18.158046277313737,90.65240586825365,71.26340212146187,13.248090608540847,91.8473731073746,2.034541507264393,train
Rubavu,West,37.4,33.66307100115263,32.79945846121633,90.1723724519713,19.38234943828907,85.2233932720235,75.71261894838449,23.29820652322811,92.57998118258216,4.220539478881989,train
Rusizi,West,37.4,33.66307100115263,36.91241871323859,91.35034771539173,24.66022518747302,91.4675815654079,78.53291004841415,18.103919705627305,93.19135195491272,-0.37756662087960535,train
Rutsiro,West,37.4,33.66307100115263,27.181893911048345,90.60937006976519,22.717345368095756,82.92051801885242,66.44309701289045,9.217728054483713,88.37138927223107,3.8071289343196213,train
