hhid,pid,at_risk,risk_score
308793.0,5.0,0,0.451427
307985.0,4.0,0,0.451427
310655.0,4.0,1,0.54970396
301256.0,4.0,1,0.54970396
307120.0,3.0,0,0.451427
305397.0,2.0,1,0.54970396
306340.0,3.0,1,0.54970396
311838.0,2.0,1,0.54970396
312839.0,4.0,0,0.451427
309610.0,3.0,0,0.451427
305617.0,4.0,1,0.54970396
303495.0,5.0,0,0.451427
313378.0,6.0,1,0.54970396
312019.0,4.0,1,0.54970396
312407.0,5.0,1,0.54970396
312768.0,3.0,1,0.54970396
309613.0,6.0,0,0.451427
309312.0,8.0,1,0.54970396
306274.0,8.0,1,0.54970396
302142.0,3.0,1,0.54970396
304478.0,2.0,1,0.54970396
310455.0,4.0,1,0.54970396
305814.0,3.0,1,0.54970396
313327.0,3.0,0,0.451427
312802.0,2.0,0,0.451427
307989.0,3.0,1,0.54970396
306673.0,3.0,1,0.54970396
304980.0,5.0,1,0.54970396
300029.0,3.0,1,0.54970396
313008.0,6.0,1,0.54970396
312519.0,6.0,1,0.54970396
314991.0,5.0,1,0.54970396
302254.0,5.0,1,0.54970396
308938.0,6.0,1,0.54970396
306960.0,6.0,1,0.54970396
307131.0,8.0,1,0.54970396
306962.0,3.0,1,0.54970396
314078.0,4.0,1,0.54970396
314182.0,5.0,0,0.451427
310730.0,3.0,1,0.54970396
303284.0,3.0,0,0.451427
302731.0,3.0,1,0.54970396
303965.0,5.0,1,0.54970396
313375.0,5.0,1,0.54970396
309161.0,5.0,1,0.54970396
310512.0,4.0,1,0.54970396
309590.0,3.0,1,0.54970396
304095.0,3.0,1,0.54970396
300023.0,6.0,0,0.451427
301307.0,6.0,1,0.54970396
305287.0,3.0,0,0.451427
307167.0,5.0,1,0.54970396
314757.0,3.0,0,0.451427
307263.0,6.0,1,0.54970396
300867.0,6.0,1,0.54970396
309217.0,8.0,1,0.54970396
309337.0,3.0,1,0.54970396
306849.0,3.0,1,0.54970396
304157.0,4.0,1,0.54970396
313135.0,2.0,1,0.54970396
308185.0,6.0,0,0.451427
312684.0,3.0,0,0.5385737
308080.0,7.0,1,0.54970396
308437.0,5.0,1,0.54970396
309761.0,3.0,1,0.451427
308684.0,6.0,1,0.54970396
302450.0,5.0,1,0.54970396
313831.0,4.0,0,0.451427
306049.0,4.0,1,0.54970396
305223.0,3.0,1,0.54970396
304194.0,4.0,0,0.451427
312968.0,5.0,1,0.54970396
306006.0,3.0,1,0.54970396
311379.0,5.0,1,0.54970396
309498.0,3.0,1,0.54970396
312576.0,5.0,1,0.54970396
307821.0,3.0,1,0.54970396
301044.0,5.0,1,0.54970396
314976.0,7.0,0,0.451427
309713.0,4.0,1,0.54970396
313747.0,4.0,1,0.54970396
312165.0,11.0,1,0.54970396
304585.0,3.0,0,0.451427
302931.0,4.0,1,0.54970396
313150.0,3.0,1,0.54970396
305078.0,3.0,1,0.54970396
306584.0,5.0,1,0.54970396
303213.0,4.0,0,0.451427
305873.0,4.0,1,0.54970396
312782.0,6.0,0,0.451427
306004.0,3.0,1,0.54970396
306762.0,3.0,1,0.54970396
302469.0,5.0,0,0.451427
304213.0,3.0,0,0.451427
304932.0,3.0,1,0.54970396
300653.0,5.0,1,0.451427
313936.0,3.0,1,0.54970396
313769.0,4.0,1,0.54970396
312153.0,3.0,1,0.54970396
306760.0,7.0,1,0.54970396
312065.0,4.0,1,0.54970396
305974.0,3.0,0,0.451427
313466.0,6.0,1,0.54970396
306311.0,3.0,1,0.54970396
305838.0,4.0,1,0.54970396
305634.0,3.0,0,0.451427
311479.0,8.0,1,0.54970396
306481.0,3.0,1,0.54970396
304053.0,4.0,1,0.54970396
308316.0,5.0,1,0.54970396
305388.0,3.0,1,0.54970396
313089.0,3.0,1,0.54970396
314837.0,7.0,0,0.451427
309852.0,6.0,1,0.54970396
303918.0,4.0,1,0.54970396
309309.0,2.0,1,0.54970396
307164.0,2.0,1,0.54970396
309215.0,6.0,1,0.54970396
310413.0,2.0,1,0.54970396
311996.0,3.0,1,0.54970396
314602.0,4.0,1,0.54970396
314459.0,3.0,1,0.54970396
303713.0,4.0,1,0.54970396
310476.0,3.0,0,0.451427
308510.0,5.0,1,0.54970396
303986.0,7.0,0,0.451427
313123.0,5.0,1,0.54970396
310308.0,2.0,1,0.54970396
305635.0,4.0,1,0.54970396
306594.0,4.0,1,0.54970396
302537.0,5.0,1,0.54970396
308130.0,3.0,0,0.451427
303808.0,3.0,0,0.451427
301075.0,10.0,1,0.54970396
300623.0,4.0,1,0.451427
306456.0,4.0,1,0.54970396
309563.0,5.0,0,0.451427
301138.0,4.0,1,0.54970396
309194.0,3.0,0,0.451427
305795.0,2.0,0,0.451427
314508.0,5.0,1,0.54970396
305819.0,3.0,0,0.5020033
310012.0,4.0,0,0.451427
303274.0,6.0,1,0.54970396
308866.0,6.0,0,0.451427
306786.0,4.0,0,0.451427
314057.0,4.0,0,0.451427
313750.0,4.0,0,0.451427
312888.0,6.0,1,0.54970396
304185.0,3.0,1,0.54970396
308443.0,5.0,1,0.54970396
306707.0,5.0,1,0.54970396
313234.0,8.0,1,0.5385737
306319.0,4.0,1,0.54970396
313630.0,3.0,1,0.54970396
305648.0,2.0,1,0.54970396
311767.0,6.0,1,0.54970396
306727.0,4.0,1,0.54970396
302826.0,5.0,1,0.54970396
309762.0,5.0,1,0.54970396
313637.0,4.0,1,0.54970396
303840.0,3.0,1,0.451427
312472.0,3.0,1,0.54970396
313465.0,6.0,1,0.54970396
302335.0,4.0,0,0.451427
305991.0,3.0,1,0.54970396
305514.0,3.0,1,0.54970396
304272.0,5.0,1,0.54970396
305639.0,2.0,0,0.451427
303348.0,5.0,0,0.451427
314612.0,5.0,1,0.54970396
300738.0,2.0,0,0.451427
312099.0,3.0,1,0.451427
308343.0,5.0,1,0.5385737
304761.0,2.0,1,0.54970396
311673.0,3.0,0,0.451427
308059.0,5.0,1,0.54970396
306914.0,4.0,1,0.54970396
306919.0,4.0,0,0.451427
307834.0,3.0,1,0.54970396
311313.0,3.0,1,0.54970396
302312.0,5.0,1,0.54970396
310253.0,4.0,0,0.451427
312314.0,5.0,0,0.451427
310493.0,5.0,1,0.54970396
309887.0,4.0,0,0.451427
314693.0,3.0,0,0.451427
311381.0,4.0,1,0.54970396
306843.0,4.0,0,0.451427
311498.0,7.0,1,0.54970396
312344.0,7.0,1,0.54970396
301886.0,3.0,1,0.54970396
308638.0,3.0,0,0.451427
307131.0,3.0,0,0.451427
306633.0,5.0,0,0.451427
301739.0,5.0,0,0.451427
313413.0,3.0,1,0.54970396
301005.0,5.0,1,0.54970396
306848.0,5.0,1,0.54970396
304255.0,2.0,0,0.451427
314314.0,5.0,1,0.54970396
302906.0,3.0,1,0.54970396
309596.0,2.0,1,0.54970396
308852.0,4.0,1,0.54970396
306419.0,5.0,1,0.54970396
311193.0,3.0,1,0.54970396
311897.0,4.0,1,0.54970396
304413.0,5.0,0,0.451427
312222.0,7.0,1,0.54970396
309136.0,2.0,1,0.54970396
305624.0,2.0,1,0.54970396
307103.0,6.0,1,0.54970396
314248.0,5.0,0,0.451427
314925.0,3.0,0,0.451427
308504.0,9.0,1,0.54970396
306783.0,3.0,1,0.54970396
303582.0,5.0,1,0.54970396
313065.0,7.0,1,0.54970396
310282.0,4.0,0,0.451427
306830.0,7.0,0,0.451427
303274.0,7.0,1,0.54970396
310394.0,4.0,0,0.451427
303275.0,4.0,1,0.54970396
301689.0,3.0,1,0.54970396
303397.0,4.0,0,0.451427
309906.0,4.0,1,0.54970396
313959.0,2.0,1,0.54970396
310249.0,7.0,1,0.54970396
303580.0,3.0,1,0.54970396
304463.0,2.0,0,0.451427
305666.0,5.0,0,0.451427
313854.0,3.0,1,0.54970396
311851.0,3.0,0,0.451427
310408.0,6.0,0,0.451427
308824.0,3.0,0,0.451427
311709.0,3.0,1,0.54970396
304894.0,4.0,1,0.54970396
303158.0,6.0,1,0.54970396
303102.0,4.0,1,0.54970396
304726.0,5.0,1,0.54970396
310820.0,6.0,1,0.54970396
313222.0,4.0,0,0.451427
314580.0,6.0,1,0.54970396
313791.0,3.0,1,0.54970396
309244.0,4.0,0,0.451427
307945.0,3.0,1,0.54970396
308618.0,7.0,0,0.451427
307134.0,4.0,0,0.451427
300191.0,3.0,0,0.451427
305445.0,4.0,1,0.54970396
309128.0,4.0,1,0.54970396
308108.0,2.0,1,0.54970396
303049.0,6.0,1,0.54970396
304867.0,2.0,1,0.451427
314788.0,3.0,1,0.54970396
314015.0,4.0,0,0.451427
302735.0,2.0,1,0.54970396
308813.0,3.0,0,0.451427
308660.0,4.0,0,0.451427
308217.0,3.0,1,0.54970396
306947.0,7.0,0,0.451427
309038.0,4.0,0,0.451427
310016.0,5.0,1,0.54970396
302060.0,3.0,1,0.54970396
309943.0,3.0,1,0.54970396
314841.0,3.0,1,0.54970396
314410.0,5.0,1,0.54970396
306277.0,7.0,0,0.451427
308232.0,2.0,1,0.54970396
309072.0,3.0,1,0.54970396
308956.0,5.0,1,0.54970396
303119.0,3.0,0,0.451427
312965.0,3.0,1,0.54970396
310851.0,4.0,1,0.54970396
302925.0,2.0,0,0.451427
310100.0,6.0,1,0.54970396
314071.0,4.0,0,0.451427
307901.0,4.0,1,0.54970396
304852.0,8.0,1,0.54970396
312835.0,3.0,1,0.54970396
301259.0,3.0,1,0.54970396
302840.0,2.0,0,0.451427
313283.0,3.0,1,0.54970396
308957.0,3.0,1,0.54970396
311742.0,4.0,0,0.451427
303922.0,3.0,1,0.54970396
308746.0,8.0,1,0.54970396
301472.0,3.0,1,0.54970396
303188.0,3.0,1,0.54970396
311778.0,3.0,0,0.451427
311845.0,2.0,1,0.451427
314854.0,2.0,1,0.5385737
311992.0,5.0,1,0.54970396
304129.0,6.0,1,0.54970396
305984.0,3.0,0,0.451427
305147.0,4.0,1,0.54970396
310360.0,3.0,1,0.54970396
300115.0,7.0,1,0.54970396
314695.0,2.0,0,0.451427
308753.0,3.0,1,0.54970396
309045.0,4.0,1,0.54970396
308369.0,5.0,1,0.54970396
311505.0,3.0,1,0.54970396
312391.0,4.0,1,0.54970396
309046.0,5.0,1,0.54970396
314626.0,3.0,1,0.54970396
314456.0,6.0,1,0.54970396
313538.0,4.0,0,0.451427
305922.0,3.0,0,0.50013053
313521.0,3.0,1,0.54970396
305412.0,5.0,1,0.54970396
305995.0,5.0,0,0.451427
307646.0,4.0,0,0.451427
312381.0,4.0,0,0.451427
311906.0,3.0,1,0.54970396
306291.0,3.0,1,0.54970396
314492.0,4.0,1,0.54970396
314975.0,3.0,1,0.54970396
313815.0,2.0,1,0.54970396
302336.0,4.0,1,0.54970396
309230.0,3.0,1,0.54970396
312572.0,7.0,1,0.54970396
308064.0,3.0,1,0.54970396
303586.0,4.0,1,0.54970396
310692.0,3.0,1,0.54970396
314184.0,3.0,1,0.54970396
309128.0,3.0,1,0.54970396
305655.0,5.0,1,0.54970396
300118.0,3.0,0,0.451427
314146.0,3.0,1,0.54970396
306147.0,3.0,1,0.54970396
312768.0,4.0,1,0.54970396
306135.0,4.0,1,0.54970396
314435.0,4.0,1,0.54970396
300076.0,7.0,1,0.54970396
307157.0,5.0,0,0.451427
305429.0,5.0,0,0.451427
312372.0,3.0,1,0.54970396
314974.0,5.0,1,0.451427
302288.0,3.0,1,0.54970396
309602.0,4.0,0,0.451427
311249.0,3.0,0,0.451427
309025.0,5.0,1,0.54970396
314567.0,6.0,0,0.451427
300102.0,5.0,0,0.451427
303094.0,5.0,1,0.54970396
306299.0,5.0,1,0.54970396
314012.0,2.0,1,0.54970396
304304.0,6.0,0,0.451427
303409.0,3.0,1,0.54970396
314072.0,9.0,1,0.54970396
302148.0,2.0,1,0.54970396
312088.0,2.0,1,0.54970396
303171.0,5.0,0,0.451427
313179.0,3.0,0,0.451427
314051.0,2.0,1,0.54970396
302139.0,6.0,1,0.5385737
305187.0,5.0,1,0.54970396
312449.0,3.0,1,0.54970396
303197.0,6.0,1,0.54970396
300115.0,6.0,0,0.451427
306241.0,8.0,1,0.54970396
300315.0,5.0,1,0.54970396
305517.0,3.0,1,0.54970396
313627.0,4.0,0,0.451427
314266.0,4.0,1,0.54970396
307789.0,8.0,1,0.54970396
309455.0,3.0,1,0.54970396
313098.0,4.0,1,0.54970396
310788.0,5.0,1,0.54970396
300004.0,3.0,0,0.451427
302505.0,2.0,1,0.54970396
314583.0,3.0,1,0.451427
312268.0,3.0,1,0.54970396
306165.0,4.0,0,0.451427
308983.0,8.0,0,0.451427
302819.0,3.0,1,0.54970396
305775.0,4.0,1,0.54970396
304996.0,4.0,1,0.54970396
304639.0,5.0,0,0.451427
304944.0,5.0,1,0.54970396
307246.0,6.0,1,0.54970396
314110.0,6.0,1,0.54970396
308977.0,6.0,1,0.54970396
302351.0,4.0,0,0.451427
304367.0,4.0,1,0.54970396
312128.0,3.0,0,0.451427
306018.0,3.0,1,0.54970396
312198.0,4.0,1,0.54970396
311157.0,4.0,1,0.54970396
305977.0,4.0,1,0.54970396
304580.0,2.0,1,0.54970396
304109.0,4.0,1,0.54970396
314475.0,3.0,0,0.451427
308018.0,3.0,1,0.54970396
303286.0,4.0,1,0.54970396
305090.0,3.0,1,0.54970396
303733.0,2.0,1,0.54970396
300999.0,6.0,1,0.54970396
305577.0,5.0,1,0.54970396
314685.0,3.0,1,0.54970396
305148.0,4.0,1,0.54970396
307293.0,4.0,1,0.54970396
301263.0,6.0,0,0.451427
306041.0,6.0,1,0.54970396
304749.0,5.0,1,0.54970396
301841.0,4.0,1,0.54970396
312492.0,5.0,1,0.54970396
311509.0,3.0,1,0.5385737
303277.0,3.0,1,0.54970396
301778.0,3.0,0,0.451427
304300.0,4.0,1,0.54970396
305437.0,6.0,1,0.54970396
308927.0,5.0,1,0.54970396
302813.0,4.0,0,0.451427
314026.0,4.0,1,0.54970396
309119.0,7.0,1,0.54970396
312610.0,3.0,1,0.54970396
310218.0,3.0,0,0.451427
309258.0,5.0,0,0.451427
310923.0,7.0,0,0.451427
306313.0,4.0,0,0.451427
314089.0,3.0,1,0.54970396
312863.0,3.0,0,0.451427
303990.0,3.0,1,0.54970396
312534.0,3.0,1,0.54970396
308421.0,6.0,1,0.54970396
309733.0,6.0,1,0.54970396
307558.0,2.0,0,0.451427
307037.0,4.0,1,0.54970396
311217.0,2.0,0,0.451427
314015.0,7.0,1,0.50013053
309638.0,6.0,1,0.54970396
308588.0,3.0,1,0.54970396
302417.0,3.0,1,0.54970396
300821.0,4.0,0,0.451427
307809.0,7.0,1,0.54970396
309652.0,4.0,0,0.451427
305765.0,3.0,1,0.54970396
302276.0,7.0,1,0.54970396
304537.0,4.0,0,0.451427
311255.0,3.0,1,0.54970396
313214.0,3.0,0,0.451427
310242.0,4.0,1,0.54970396
303214.0,5.0,1,0.54970396
304947.0,4.0,1,0.54970396
310425.0,4.0,1,0.54970396
302186.0,6.0,1,0.54970396
305421.0,4.0,1,0.54970396
305933.0,3.0,1,0.54970396
312049.0,6.0,1,0.54970396
303774.0,3.0,1,0.54970396
311288.0,4.0,1,0.54970396
313332.0,4.0,0,0.451427
304259.0,4.0,1,0.54970396
309116.0,5.0,1,0.54970396
313175.0,4.0,1,0.54970396
309715.0,5.0,0,0.451427
310213.0,4.0,0,0.451427
303839.0,4.0,0,0.451427
311544.0,5.0,1,0.54970396
300376.0,5.0,0,0.451427
302718.0,5.0,1,0.54970396
310020.0,5.0,1,0.54970396
309212.0,3.0,1,0.54970396
303000.0,5.0,1,0.54970396
302891.0,3.0,1,0.54970396
304119.0,4.0,1,0.54970396
309220.0,2.0,0,0.451427
308636.0,6.0,0,0.451427
314635.0,3.0,1,0.54970396
305916.0,2.0,0,0.451427
300774.0,4.0,1,0.54970396
308818.0,4.0,1,0.54970396
310313.0,5.0,0,0.451427
308406.0,4.0,1,0.54970396
301017.0,3.0,0,0.451427
305250.0,6.0,1,0.54970396
304862.0,7.0,0,0.451427
311034.0,5.0,1,0.54970396
310106.0,8.0,1,0.54970396
303851.0,3.0,0,0.451427
306557.0,2.0,0,0.451427
314355.0,5.0,0,0.451427
301826.0,2.0,1,0.54970396
309147.0,2.0,1,0.54970396
302254.0,3.0,0,0.451427
308683.0,7.0,1,0.54970396
300915.0,2.0,0,0.451427
310343.0,5.0,0,0.451427
314825.0,3.0,1,0.5385737
306347.0,3.0,0,0.451427
307588.0,3.0,1,0.54970396
302743.0,5.0,0,0.451427
308675.0,4.0,0,0.451427
303636.0,4.0,1,0.54970396
311852.0,4.0,0,0.451427
313329.0,7.0,1,0.54970396
309162.0,5.0,1,0.54970396
300222.0,4.0,0,0.451427
309493.0,3.0,1,0.54970396
312467.0,3.0,0,0.451427
309663.0,5.0,1,0.451427
306241.0,6.0,1,0.54970396
310961.0,4.0,0,0.451427
310910.0,6.0,1,0.54970396
300033.0,3.0,1,0.54970396
311495.0,3.0,1,0.54970396
305664.0,2.0,1,0.54970396
315007.0,4.0,1,0.54970396
304699.0,4.0,1,0.54970396
304605.0,3.0,1,0.54970396
304844.0,4.0,1,0.54970396
308884.0,3.0,1,0.54970396
311303.0,2.0,1,0.54970396
300253.0,2.0,1,0.54970396
300787.0,2.0,1,0.54970396
311637.0,4.0,1,0.54970396
313189.0,5.0,1,0.54970396
302803.0,8.0,1,0.54970396
314117.0,2.0,0,0.451427
300797.0,3.0,1,0.54970396
311948.0,3.0,1,0.54970396
300058.0,4.0,1,0.54970396
308295.0,5.0,1,0.54970396
313032.0,4.0,1,0.54970396
301134.0,5.0,0,0.451427
303435.0,4.0,0,0.451427
311591.0,5.0,1,0.54970396
309097.0,4.0,1,0.54970396
303325.0,5.0,1,0.54970396
313276.0,6.0,1,0.54970396
301979.0,3.0,1,0.5385737
304835.0,3.0,0,0.451427
303831.0,4.0,1,0.54970396
314363.0,6.0,0,0.451427
311253.0,7.0,1,0.54970396
303809.0,3.0,0,0.451427
314950.0,2.0,1,0.54970396
300540.0,10.0,1,0.54970396
309638.0,3.0,1,0.54970396
305625.0,2.0,0,0.451427
303030.0,5.0,0,0.451427
302938.0,3.0,0,0.451427
305292.0,3.0,0,0.451427
313300.0,6.0,1,0.54970396
314671.0,3.0,1,0.54970396
302629.0,3.0,1,0.54970396
306526.0,7.0,1,0.54970396
303015.0,4.0,0,0.451427
307316.0,8.0,1,0.54970396
308790.0,5.0,0,0.451427
304683.0,2.0,1,0.54970396
307121.0,4.0,1,0.54970396
310522.0,5.0,1,0.54970396
313350.0,5.0,1,0.54970396
301418.0,4.0,1,0.54970396
312519.0,7.0,1,0.54970396
307409.0,2.0,0,0.451427
309759.0,4.0,1,0.54970396
313032.0,5.0,1,0.54970396
300278.0,4.0,0,0.451427
311291.0,3.0,1,0.54970396
306899.0,5.0,1,0.54970396
308976.0,2.0,0,0.451427
306408.0,3.0,1,0.54970396
304677.0,3.0,1,0.54970396
314457.0,2.0,1,0.54970396
303061.0,4.0,1,0.54970396
311547.0,4.0,1,0.54970396
308319.0,3.0,0,0.451427
300757.0,6.0,1,0.54970396
314870.0,4.0,1,0.54970396
300962.0,3.0,0,0.451427
309550.0,3.0,1,0.54970396
308913.0,6.0,1,0.54970396
314160.0,5.0,0,0.451427
308800.0,4.0,1,0.54970396
302501.0,4.0,1,0.54970396
311508.0,3.0,1,0.54970396
304238.0,3.0,1,0.54970396
311276.0,6.0,1,0.54970396
305127.0,2.0,1,0.54970396
312026.0,3.0,1,0.54970396
305981.0,6.0,1,0.54970396
302054.0,3.0,1,0.54970396
314747.0,3.0,1,0.54970396
302411.0,3.0,0,0.451427
302987.0,4.0,1,0.54970396
306231.0,5.0,0,0.451427
309803.0,3.0,1,0.54970396
313614.0,5.0,0,0.451427
313752.0,3.0,1,0.54970396
310779.0,6.0,0,0.451427
306520.0,3.0,1,0.54970396
308200.0,5.0,1,0.54970396
306194.0,3.0,0,0.451427
313055.0,3.0,1,0.54970396
308694.0,5.0,1,0.54970396
304538.0,4.0,1,0.54970396
314452.0,3.0,1,0.54970396
313929.0,5.0,1,0.54970396
303316.0,3.0,1,0.54970396
306908.0,9.0,1,0.54970396
305028.0,3.0,1,0.54970396
307268.0,4.0,1,0.54970396
314844.0,5.0,1,0.451427
313596.0,3.0,1,0.54970396
303275.0,5.0,1,0.54970396
305506.0,7.0,1,0.54970396
309150.0,3.0,1,0.451427
303547.0,3.0,1,0.54970396
302614.0,5.0,1,0.54970396
305638.0,3.0,1,0.54970396
311911.0,4.0,0,0.451427
305899.0,3.0,1,0.54970396
308271.0,4.0,0,0.451427
307029.0,2.0,1,0.54970396
300780.0,4.0,0,0.451427
310381.0,3.0,1,0.54970396
308250.0,3.0,1,0.54970396
301867.0,5.0,0,0.451427
305875.0,3.0,1,0.54970396
308452.0,4.0,1,0.54970396
308095.0,5.0,1,0.54970396
311116.0,5.0,1,0.54970396
312636.0,2.0,1,0.54970396
302211.0,3.0,1,0.54970396
308430.0,2.0,0,0.451427
305003.0,5.0,1,0.54970396
313158.0,5.0,1,0.5385737
311487.0,4.0,1,0.54970396
307597.0,3.0,1,0.54970396
311378.0,3.0,1,0.54970396
309686.0,3.0,0,0.451427
312548.0,6.0,0,0.451427
308551.0,7.0,1,0.50013053
304000.0,3.0,1,0.54970396
308271.0,3.0,0,0.451427
309277.0,6.0,0,0.451427
302332.0,4.0,0,0.451427
306881.0,3.0,0,0.451427
311917.0,6.0,1,0.54970396
306407.0,3.0,1,0.54970396
303384.0,4.0,1,0.54970396
311977.0,5.0,1,0.54970396
311003.0,6.0,1,0.54970396
307612.0,4.0,1,0.54970396
311776.0,3.0,0,0.451427
312468.0,5.0,1,0.54970396
308373.0,4.0,1,0.54970396
302939.0,5.0,1,0.54970396
304524.0,3.0,1,0.54970396
309306.0,2.0,1,0.54970396
306781.0,2.0,0,0.451427
313404.0,3.0,1,0.54970396
310784.0,5.0,0,0.451427
309407.0,4.0,1,0.54970396
303424.0,3.0,1,0.54970396
304142.0,6.0,1,0.54970396
303013.0,4.0,1,0.54970396
304733.0,3.0,0,0.451427
312434.0,6.0,1,0.54970396
308794.0,5.0,1,0.54970396
303904.0,3.0,1,0.54970396
301316.0,5.0,0,0.451427
312257.0,3.0,1,0.54970396
312313.0,5.0,0,0.451427
312217.0,5.0,1,0.54970396
314645.0,5.0,1,0.54970396
302712.0,2.0,0,0.451427
310160.0,3.0,0,0.451427
306393.0,6.0,1,0.54970396
305580.0,6.0,1,0.54970396
305458.0,5.0,1,0.54970396
314450.0,3.0,0,0.451427
314009.0,3.0,1,0.54970396
305426.0,5.0,1,0.54970396
302863.0,7.0,1,0.54970396
309147.0,4.0,1,0.54970396
306196.0,4.0,1,0.54970396
307703.0,6.0,1,0.54970396
310261.0,4.0,0,0.451427
313628.0,3.0,1,0.54970396
312704.0,4.0,1,0.54970396
306122.0,3.0,1,0.54970396
303770.0,6.0,1,0.54970396
311454.0,3.0,1,0.54970396
303008.0,3.0,1,0.54970396
314446.0,3.0,0,0.451427
305828.0,4.0,1,0.54970396
307149.0,5.0,1,0.54970396
303755.0,3.0,0,0.451427
301644.0,2.0,1,0.54970396
314175.0,3.0,1,0.54970396
302920.0,3.0,1,0.54970396
314308.0,4.0,1,0.54970396
302600.0,5.0,1,0.54970396
304685.0,3.0,1,0.54970396
300749.0,3.0,1,0.54970396
301222.0,5.0,1,0.54970396
300835.0,4.0,1,0.54970396
303165.0,4.0,1,0.54970396
314608.0,3.0,1,0.54970396
311360.0,3.0,1,0.54970396
310780.0,4.0,1,0.54970396
301557.0,4.0,0,0.451427
305922.0,6.0,1,0.54970396
308633.0,5.0,1,0.54970396
304705.0,5.0,0,0.451427
307144.0,6.0,1,0.54970396
300540.0,7.0,0,0.451427
303067.0,3.0,1,0.54970396
308572.0,3.0,1,0.54970396
306316.0,3.0,0,0.451427
309219.0,2.0,1,0.54970396
303895.0,3.0,1,0.54970396
302240.0,3.0,0,0.451427
302834.0,3.0,1,0.54970396
310595.0,6.0,1,0.50013053
307062.0,3.0,1,0.54970396
308374.0,5.0,1,0.54970396
310068.0,5.0,1,0.54970396
302002.0,3.0,1,0.54970396
306488.0,4.0,1,0.54970396
304852.0,7.0,1,0.54970396
311856.0,9.0,1,0.54970396
314653.0,6.0,0,0.451427
303828.0,4.0,1,0.54970396
304603.0,6.0,0,0.451427
314690.0,4.0,1,0.54970396
311495.0,4.0,1,0.54970396
311402.0,4.0,1,0.54970396
314014.0,6.0,0,0.451427
312978.0,5.0,1,0.54970396
305376.0,5.0,1,0.54970396
308579.0,3.0,1,0.54970396
310145.0,3.0,1,0.451427
306371.0,4.0,1,0.54970396
314232.0,3.0,1,0.54970396
308620.0,5.0,1,0.54970396
314386.0,4.0,1,0.54970396
309283.0,4.0,0,0.451427
309704.0,4.0,0,0.451427
302908.0,3.0,1,0.54970396
305933.0,2.0,1,0.54970396
306484.0,5.0,1,0.54970396
307960.0,3.0,1,0.54970396
305188.0,5.0,1,0.54970396
306216.0,3.0,1,0.54970396
308109.0,3.0,1,0.54970396
305845.0,3.0,0,0.451427
314245.0,6.0,1,0.54970396
306488.0,3.0,1,0.54970396
309621.0,4.0,0,0.451427
309850.0,4.0,1,0.54970396
306450.0,6.0,1,0.54970396
313729.0,4.0,1,0.54970396
307068.0,6.0,1,0.54970396
312779.0,3.0,0,0.451427
301659.0,3.0,1,0.54970396
306640.0,3.0,1,0.54970396
313580.0,3.0,0,0.451427
313786.0,6.0,0,0.451427
312788.0,5.0,1,0.54970396
305572.0,2.0,1,0.54970396
305000.0,3.0,1,0.54970396
305125.0,4.0,1,0.54970396
303961.0,4.0,1,0.54970396
306785.0,2.0,0,0.451427
306167.0,5.0,1,0.54970396
303986.0,5.0,0,0.451427
313202.0,5.0,1,0.54970396
304265.0,3.0,1,0.54970396
306391.0,6.0,1,0.54970396
302361.0,3.0,0,0.451427
313353.0,3.0,1,0.54970396
314353.0,5.0,1,0.54970396
311585.0,4.0,1,0.54970396
307348.0,3.0,1,0.54970396
309110.0,5.0,1,0.54970396
308846.0,4.0,0,0.451427
313786.0,8.0,1,0.54970396
311425.0,2.0,0,0.451427
307983.0,4.0,1,0.54970396
310202.0,3.0,0,0.451427
311454.0,4.0,1,0.54970396
300982.0,2.0,0,0.451427
314732.0,3.0,0,0.451427
306322.0,3.0,1,0.54970396
306528.0,4.0,1,0.54970396
310082.0,4.0,1,0.54970396
303267.0,3.0,1,0.54970396
314234.0,3.0,1,0.54970396
313490.0,3.0,1,0.54970396
313297.0,4.0,0,0.451427
304908.0,5.0,0,0.451427
314874.0,5.0,1,0.54970396
310271.0,2.0,1,0.54970396
309690.0,5.0,0,0.451427
307765.0,4.0,1,0.54970396
310363.0,6.0,1,0.54970396
314075.0,3.0,1,0.54970396
311373.0,4.0,1,0.54970396
301063.0,6.0,1,0.54970396
311281.0,2.0,1,0.54970396
307482.0,3.0,1,0.54970396
309819.0,3.0,1,0.54970396
309195.0,4.0,0,0.451427
314456.0,7.0,1,0.54970396
310878.0,3.0,1,0.54970396
312689.0,5.0,1,0.54970396
302733.0,5.0,1,0.54970396
305045.0,6.0,1,0.54970396
305774.0,4.0,1,0.54970396
314494.0,3.0,1,0.54970396
311892.0,3.0,0,0.451427
314806.0,4.0,1,0.54970396
307992.0,3.0,1,0.54970396
313515.0,3.0,0,0.451427
302365.0,3.0,1,0.54970396
304145.0,3.0,1,0.54970396
305728.0,3.0,1,0.54970396
312599.0,8.0,1,0.54970396
306400.0,3.0,1,0.54970396
307615.0,4.0,0,0.451427
311397.0,5.0,0,0.451427
313584.0,4.0,1,0.54970396
310152.0,5.0,1,0.54970396
300660.0,3.0,0,0.451427
301258.0,3.0,1,0.54970396
304425.0,3.0,1,0.54970396
307748.0,2.0,1,0.54970396
302842.0,6.0,1,0.54970396
314015.0,3.0,0,0.451427
304234.0,4.0,1,0.54970396
312139.0,4.0,1,0.54970396
302902.0,3.0,1,0.54970396
308191.0,4.0,1,0.54970396
309116.0,2.0,0,0.451427
307172.0,7.0,0,0.451427
312988.0,3.0,1,0.54970396
314500.0,5.0,0,0.451427
301312.0,5.0,1,0.54970396
301274.0,5.0,0,0.451427
305562.0,3.0,1,0.54970396
307866.0,4.0,1,0.54970396
306617.0,4.0,0,0.451427
310612.0,2.0,1,0.54970396
300774.0,3.0,1,0.54970396
303822.0,6.0,1,0.54970396
307126.0,6.0,0,0.451427
305629.0,3.0,1,0.54970396
304368.0,6.0,1,0.54970396
312853.0,5.0,1,0.54970396
308853.0,6.0,0,0.451427
300883.0,5.0,0,0.451427
314944.0,9.0,1,0.54970396
303065.0,3.0,0,0.451427
314164.0,3.0,1,0.54970396
309162.0,4.0,1,0.54970396
301479.0,2.0,1,0.54970396
305661.0,3.0,0,0.451427
313383.0,3.0,1,0.54970396
306086.0,3.0,1,0.54970396
302803.0,7.0,1,0.54970396
311582.0,5.0,0,0.451427
308994.0,4.0,1,0.54970396
312374.0,4.0,0,0.50013053
301952.0,4.0,0,0.451427
307975.0,5.0,1,0.54970396
312208.0,3.0,1,0.54970396
303131.0,3.0,1,0.5385737
303750.0,3.0,0,0.451427
303425.0,2.0,1,0.54970396
306788.0,2.0,0,0.451427
303149.0,4.0,1,0.54970396
311040.0,2.0,1,0.54970396
310584.0,3.0,0,0.451427
305404.0,4.0,1,0.54970396
308896.0,4.0,1,0.54970396
303619.0,5.0,0,0.451427
313012.0,3.0,1,0.54970396
300539.0,3.0,1,0.54970396
300472.0,2.0,0,0.451427
308819.0,3.0,0,0.451427
304192.0,4.0,0,0.451427
307943.0,2.0,1,0.54970396
310055.0,3.0,0,0.451427
303226.0,5.0,1,0.54970396
302378.0,3.0,1,0.54970396
314604.0,3.0,0,0.451427
307197.0,3.0,1,0.54970396
312216.0,3.0,1,0.54970396
304474.0,3.0,0,0.451427
309151.0,5.0,1,0.54970396
312182.0,3.0,1,0.54970396
314486.0,2.0,1,0.54970396
305534.0,5.0,1,0.54970396
309055.0,5.0,0,0.451427
311442.0,2.0,1,0.54970396
304273.0,6.0,0,0.451427
301961.0,3.0,1,0.54970396
310231.0,4.0,1,0.54970396
309250.0,6.0,1,0.54970396
306468.0,3.0,1,0.54970396
305887.0,3.0,0,0.451427
312416.0,3.0,1,0.54970396
313033.0,4.0,1,0.54970396
302940.0,5.0,1,0.54970396
305047.0,3.0,0,0.451427
306067.0,3.0,0,0.451427
306793.0,3.0,1,0.54970396
309033.0,5.0,1,0.54970396
306567.0,5.0,0,0.451427
313209.0,4.0,1,0.54970396
311544.0,4.0,0,0.451427
314858.0,5.0,1,0.54970396
308776.0,4.0,1,0.54970396
310428.0,4.0,1,0.54970396
304085.0,3.0,1,0.54970396
308316.0,4.0,1,0.54970396
312657.0,3.0,0,0.451427
301283.0,3.0,0,0.451427
311554.0,7.0,0,0.451427
303220.0,7.0,0,0.451427
302350.0,3.0,1,0.54970396
308745.0,5.0,1,0.54970396
312345.0,5.0,1,0.54970396
303045.0,3.0,1,0.54970396
301366.0,2.0,1,0.54970396
312670.0,2.0,1,0.54970396
309554.0,2.0,0,0.451427
312706.0,2.0,1,0.54970396
311249.0,4.0,0,0.451427
309514.0,4.0,1,0.54970396
302990.0,4.0,1,0.54970396
302755.0,3.0,1,0.54970396
307011.0,5.0,0,0.451427
303598.0,4.0,1,0.54970396
305460.0,3.0,1,0.54970396
313803.0,6.0,1,0.54970396
312165.0,12.0,1,0.54970396
312668.0,2.0,1,0.54970396
307978.0,7.0,1,0.54970396
310406.0,5.0,1,0.54970396
306783.0,4.0,0,0.451427
303376.0,3.0,1,0.54970396
303000.0,4.0,0,0.451427
300634.0,4.0,1,0.54970396
304779.0,3.0,1,0.54970396
311037.0,2.0,0,0.5020033
305209.0,5.0,1,0.54970396
309133.0,7.0,1,0.54970396
311241.0,5.0,1,0.54970396
306599.0,3.0,1,0.54970396
300076.0,6.0,1,0.54970396
313267.0,4.0,1,0.54970396
310954.0,2.0,1,0.54970396
312770.0,4.0,0,0.451427
308853.0,3.0,1,0.54970396
300804.0,4.0,0,0.451427
310875.0,6.0,1,0.54970396
304715.0,3.0,1,0.54970396
304438.0,4.0,0,0.451427
312027.0,3.0,1,0.54970396
306757.0,3.0,1,0.54970396
302276.0,5.0,1,0.54970396
303292.0,5.0,1,0.54970396
308081.0,3.0,1,0.54970396
302334.0,3.0,1,0.54970396
314868.0,5.0,1,0.54970396
308711.0,4.0,0,0.451427
302201.0,3.0,1,0.54970396
309430.0,3.0,1,0.54970396
311051.0,4.0,1,0.54970396
311343.0,4.0,0,0.451427
314353.0,8.0,1,0.54970396
310759.0,2.0,1,0.54970396
310758.0,3.0,0,0.451427
302753.0,4.0,1,0.54970396
306157.0,4.0,1,0.54970396
314286.0,4.0,1,0.54970396
303802.0,5.0,0,0.451427
308315.0,3.0,1,0.54970396
307765.0,5.0,1,0.54970396
303573.0,4.0,1,0.54970396
311812.0,3.0,1,0.54970396
302921.0,4.0,0,0.451427
302432.0,2.0,1,0.50013053
313298.0,5.0,1,0.54970396
314460.0,5.0,1,0.54970396
314083.0,4.0,1,0.54970396
305229.0,3.0,1,0.54970396
313713.0,3.0,1,0.54970396
314914.0,5.0,1,0.50013053
309887.0,5.0,1,0.54970396
312489.0,4.0,1,0.54970396
313284.0,3.0,1,0.54970396
304379.0,5.0,1,0.54970396
310999.0,3.0,1,0.54970396
314538.0,5.0,0,0.451427
308960.0,2.0,0,0.451427
314291.0,4.0,1,0.54970396
303613.0,3.0,1,0.54970396
300540.0,6.0,0,0.451427
311986.0,8.0,1,0.54970396
303177.0,3.0,1,0.5385737
307852.0,5.0,1,0.54970396
308427.0,4.0,1,0.54970396
311598.0,8.0,1,0.54970396
300489.0,3.0,1,0.54970396
314348.0,3.0,0,0.451427
314874.0,4.0,1,0.54970396
303639.0,3.0,0,0.451427
308422.0,5.0,0,0.451427
307001.0,6.0,1,0.54970396
307396.0,5.0,1,0.54970396
306737.0,2.0,0,0.451427
303241.0,3.0,1,0.54970396
309593.0,3.0,1,0.54970396
309176.0,4.0,0,0.451427
305425.0,5.0,1,0.54970396
313857.0,3.0,0,0.451427
308815.0,6.0,0,0.451427
313678.0,4.0,1,0.54970396
305049.0,4.0,0,0.451427
306779.0,5.0,1,0.54970396
301644.0,3.0,1,0.54970396
304529.0,3.0,0,0.451427
301690.0,3.0,1,0.54970396
307455.0,4.0,0,0.451427
308449.0,5.0,0,0.451427
307752.0,2.0,1,0.451427
313054.0,3.0,1,0.54970396
309656.0,3.0,1,0.54970396
312623.0,2.0,0,0.451427
313316.0,3.0,1,0.54970396
306988.0,2.0,1,0.54970396
306283.0,5.0,0,0.451427
309835.0,3.0,0,0.451427
313581.0,4.0,0,0.451427
304541.0,4.0,1,0.54970396
303266.0,5.0,1,0.54970396
300654.0,6.0,1,0.54970396
302781.0,4.0,1,0.54970396
300455.0,4.0,1,0.54970396
309055.0,7.0,1,0.54970396
302694.0,3.0,1,0.54970396
301077.0,3.0,0,0.451427
313887.0,3.0,1,0.54970396
302626.0,5.0,1,0.54970396
307928.0,3.0,1,0.54970396
306096.0,2.0,1,0.54970396
306650.0,3.0,1,0.54970396
311035.0,6.0,0,0.451427
306216.0,4.0,1,0.54970396
308565.0,4.0,0,0.451427
309223.0,6.0,0,0.451427
312988.0,4.0,0,0.451427
306573.0,5.0,1,0.54970396
303070.0,3.0,0,0.451427
313712.0,3.0,0,0.451427
315048.0,4.0,1,0.54970396
309528.0,2.0,1,0.54970396
302097.0,2.0,1,0.5385737
308003.0,3.0,1,0.54970396
311363.0,6.0,1,0.54970396
311792.0,2.0,1,0.54970396
300229.0,2.0,0,0.451427
306240.0,3.0,1,0.54970396
307700.0,5.0,1,0.54970396
307886.0,2.0,1,0.54970396
304747.0,6.0,1,0.54970396
304681.0,5.0,0,0.451427
300762.0,2.0,1,0.54970396
307550.0,4.0,0,0.451427
314498.0,4.0,1,0.54970396
302092.0,4.0,0,0.451427
305098.0,3.0,1,0.54970396
314657.0,2.0,0,0.451427
307556.0,5.0,0,0.451427
307201.0,4.0,1,0.54970396
300606.0,3.0,1,0.54970396
311549.0,6.0,1,0.54970396
313672.0,5.0,1,0.54970396
306624.0,4.0,1,0.54970396
302998.0,4.0,1,0.54970396
309094.0,4.0,1,0.54970396
308881.0,3.0,1,0.54970396
307338.0,3.0,1,0.54970396
302779.0,4.0,0,0.451427
305440.0,4.0,1,0.5385737
312298.0,3.0,1,0.54970396
302657.0,3.0,1,0.54970396
305701.0,5.0,1,0.54970396
309522.0,3.0,1,0.54970396
302783.0,3.0,1,0.54970396
309293.0,3.0,1,0.54970396
306585.0,5.0,1,0.54970396
311391.0,4.0,1,0.54970396
310941.0,6.0,1,0.54970396
310612.0,3.0,1,0.54970396
302245.0,5.0,1,0.54970396
309382.0,5.0,1,0.54970396
307527.0,3.0,1,0.54970396
312488.0,4.0,1,0.54970396
314877.0,7.0,1,0.54970396
302972.0,3.0,0,0.451427
312103.0,5.0,1,0.451427
306700.0,5.0,1,0.54970396
314172.0,3.0,1,0.54970396
308078.0,4.0,1,0.54970396
313349.0,3.0,0,0.451427
307141.0,5.0,1,0.54970396
307060.0,5.0,1,0.54970396
304373.0,5.0,0,0.451427
309100.0,5.0,0,0.451427
302167.0,3.0,1,0.54970396
307094.0,3.0,1,0.54970396
314920.0,3.0,1,0.54970396
308763.0,2.0,0,0.451427
313966.0,6.0,1,0.54970396
304975.0,4.0,0,0.451427
303567.0,4.0,0,0.451427
308073.0,4.0,1,0.54970396
308319.0,4.0,0,0.451427
311017.0,5.0,1,0.54970396
306389.0,2.0,0,0.451427
310725.0,2.0,0,0.451427
313616.0,4.0,0,0.451427
314220.0,6.0,0,0.451427
305327.0,8.0,1,0.54970396
302370.0,6.0,1,0.54970396
300934.0,4.0,1,0.54970396
313306.0,4.0,1,0.54970396
301623.0,4.0,1,0.54970396
304998.0,3.0,0,0.451427
314450.0,4.0,1,0.54970396
305431.0,6.0,1,0.54970396
306046.0,5.0,1,0.54970396
311540.0,3.0,1,0.54970396
308034.0,3.0,1,0.54970396
313735.0,5.0,1,0.54970396
313065.0,6.0,1,0.54970396
305291.0,3.0,0,0.451427
306191.0,6.0,1,0.54970396
308922.0,5.0,1,0.54970396
314771.0,3.0,1,0.54970396
314802.0,5.0,1,0.54970396
302030.0,3.0,1,0.54970396
312653.0,3.0,0,0.451427
308671.0,4.0,1,0.54970396
306010.0,3.0,0,0.451427
300964.0,6.0,1,0.54970396
308721.0,5.0,1,0.54970396
305567.0,4.0,1,0.54970396
303116.0,5.0,1,0.54970396
301538.0,2.0,0,0.451427
314320.0,3.0,0,0.451427
304163.0,6.0,1,0.54970396
304895.0,3.0,1,0.54970396
314394.0,5.0,0,0.451427
305868.0,5.0,1,0.54970396
300303.0,4.0,0,0.451427
308121.0,4.0,1,0.54970396
311316.0,3.0,1,0.54970396
305203.0,3.0,0,0.451427
301398.0,7.0,1,0.50013053
304277.0,2.0,1,0.54970396
304262.0,5.0,1,0.54970396
300071.0,6.0,0,0.451427
313956.0,3.0,1,0.54970396
309159.0,5.0,1,0.54970396
308615.0,2.0,1,0.54970396
306152.0,3.0,1,0.54970396
306519.0,4.0,0,0.451427
303316.0,4.0,1,0.54970396
301088.0,6.0,1,0.54970396
307031.0,5.0,1,0.54970396
311373.0,3.0,1,0.54970396
301383.0,3.0,0,0.451427
304937.0,3.0,1,0.451427
307350.0,4.0,1,0.54970396
314894.0,4.0,0,0.451427
312901.0,5.0,1,0.54970396
304353.0,3.0,1,0.54970396
305560.0,3.0,1,0.54970396
309442.0,4.0,0,0.451427
307569.0,3.0,0,0.451427
311905.0,5.0,1,0.54970396
312431.0,6.0,1,0.54970396
305802.0,4.0,1,0.54970396
314391.0,6.0,1,0.54970396
310091.0,2.0,0,0.451427
303009.0,3.0,1,0.54970396
305644.0,3.0,0,0.451427
301963.0,3.0,1,0.54970396
312624.0,5.0,0,0.451427
302067.0,5.0,1,0.54970396
307420.0,4.0,1,0.54970396
314575.0,4.0,1,0.54970396
311118.0,2.0,1,0.5020033
305855.0,4.0,1,0.54970396
313716.0,3.0,1,0.54970396
314704.0,3.0,1,0.54970396
307337.0,4.0,1,0.54970396
313155.0,3.0,1,0.54970396
301302.0,4.0,1,0.54970396
313382.0,5.0,1,0.54970396
307762.0,2.0,0,0.451427
314954.0,5.0,1,0.54970396
307302.0,2.0,0,0.451427
312149.0,4.0,1,0.54970396
301400.0,5.0,0,0.451427
306274.0,5.0,1,0.54970396
304315.0,6.0,1,0.54970396
308702.0,6.0,0,0.451427
305994.0,5.0,0,0.451427
312840.0,3.0,0,0.451427
306028.0,3.0,1,0.54970396
302487.0,4.0,0,0.451427
312566.0,4.0,0,0.451427
306806.0,7.0,0,0.451427
312802.0,4.0,1,0.54970396
302869.0,3.0,1,0.54970396
301041.0,6.0,1,0.54970396
312743.0,4.0,0,0.451427
313767.0,3.0,1,0.54970396
312109.0,7.0,1,0.54970396
307847.0,3.0,0,0.451427
312828.0,2.0,1,0.54970396
304103.0,3.0,1,0.54970396
314883.0,2.0,1,0.54970396
309565.0,2.0,1,0.54970396
304947.0,5.0,1,0.54970396
310068.0,4.0,1,0.54970396
303270.0,3.0,1,0.54970396
304100.0,3.0,1,0.54970396
314946.0,5.0,1,0.54970396
309616.0,3.0,0,0.451427
306273.0,4.0,0,0.451427
313455.0,3.0,1,0.54970396
303584.0,5.0,1,0.54970396
312099.0,5.0,1,0.54970396
312030.0,3.0,0,0.451427
301274.0,4.0,0,0.451427
307933.0,3.0,1,0.54970396
304778.0,4.0,0,0.451427
310804.0,3.0,1,0.54970396
304356.0,5.0,1,0.54970396
310557.0,4.0,0,0.451427
301984.0,4.0,0,0.451427
309319.0,5.0,1,0.54970396
302141.0,3.0,1,0.54970396
314474.0,4.0,1,0.54970396
311181.0,2.0,1,0.54970396
309024.0,3.0,1,0.54970396
303468.0,3.0,0,0.451427
306111.0,4.0,1,0.54970396
305927.0,5.0,1,0.54970396
311486.0,3.0,1,0.54970396
304737.0,3.0,1,0.54970396
308688.0,4.0,0,0.451427
304885.0,4.0,1,0.54970396
312002.0,3.0,0,0.451427
303693.0,7.0,1,0.54970396
305614.0,6.0,1,0.54970396
305406.0,7.0,1,0.54970396
311661.0,6.0,1,0.50013053
301447.0,4.0,0,0.451427
301528.0,7.0,1,0.54970396
309300.0,2.0,1,0.54970396
312513.0,4.0,0,0.451427
304253.0,8.0,1,0.54970396
302395.0,5.0,0,0.451427
310055.0,4.0,0,0.451427
311992.0,3.0,0,0.451427
307288.0,5.0,1,0.54970396
313656.0,2.0,1,0.54970396
309769.0,3.0,1,0.54970396
314451.0,2.0,1,0.54970396
303950.0,4.0,1,0.54970396
307975.0,4.0,0,0.451427
305816.0,3.0,0,0.451427
300766.0,4.0,0,0.451427
307089.0,3.0,1,0.54970396
302036.0,3.0,1,0.54970396
306647.0,2.0,1,0.54970396
306342.0,3.0,0,0.451427
313727.0,2.0,1,0.54970396
306615.0,4.0,0,0.451427
303782.0,3.0,1,0.54970396
308814.0,3.0,0,0.451427
301457.0,2.0,1,0.54970396
305346.0,3.0,1,0.54970396
309224.0,3.0,1,0.54970396
313298.0,4.0,0,0.451427
314792.0,3.0,1,0.54970396
312284.0,3.0,1,0.54970396
303195.0,2.0,1,0.54970396
306087.0,5.0,1,0.54970396
312584.0,4.0,1,0.54970396
313211.0,9.0,1,0.50013053
307785.0,4.0,0,0.451427
310694.0,4.0,0,0.451427
306867.0,8.0,1,0.54970396
301937.0,7.0,0,0.451427
304573.0,4.0,0,0.451427
301437.0,3.0,1,0.54970396
305736.0,4.0,1,0.54970396
306789.0,3.0,0,0.451427
311237.0,3.0,1,0.54970396
303948.0,10.0,1,0.54970396
305779.0,7.0,1,0.54970396
313188.0,9.0,1,0.54970396
314153.0,5.0,1,0.54970396
313457.0,4.0,1,0.54970396
310285.0,4.0,1,0.54970396
307866.0,3.0,0,0.451427
302180.0,3.0,0,0.451427
308984.0,8.0,1,0.54970396
312310.0,2.0,1,0.54970396
303405.0,2.0,1,0.54970396
311424.0,3.0,1,0.5385737
308916.0,4.0,1,0.54970396
303374.0,3.0,1,0.54970396
311973.0,3.0,1,0.54970396
314600.0,4.0,1,0.54970396
307429.0,4.0,1,0.54970396
308909.0,2.0,1,0.54970396
307347.0,4.0,0,0.451427
305275.0,4.0,1,0.54970396
306654.0,5.0,1,0.54970396
314183.0,3.0,1,0.54970396
302420.0,7.0,1,0.54970396
312368.0,3.0,1,0.54970396
312878.0,5.0,1,0.54970396
300795.0,5.0,1,0.54970396
308904.0,6.0,1,0.54970396
314851.0,6.0,0,0.451427
310400.0,4.0,0,0.451427
308095.0,4.0,0,0.451427
310617.0,2.0,1,0.54970396
301017.0,4.0,0,0.451427
302847.0,3.0,1,0.54970396
306245.0,4.0,1,0.54970396
308149.0,5.0,1,0.54970396
306051.0,6.0,1,0.54970396
301465.0,7.0,0,0.451427
306657.0,3.0,0,0.451427
312190.0,3.0,0,0.451427
305122.0,3.0,1,0.54970396
304212.0,6.0,0,0.451427
306757.0,4.0,1,0.54970396
309166.0,2.0,1,0.54970396
313934.0,5.0,1,0.54970396
308888.0,7.0,1,0.54970396
314170.0,4.0,0,0.451427
305187.0,3.0,1,0.54970396
306548.0,4.0,1,0.54970396
303434.0,6.0,1,0.50013053
303352.0,3.0,0,0.451427
304927.0,3.0,0,0.451427
305393.0,4.0,1,0.54970396
306756.0,5.0,1,0.54970396
307358.0,3.0,1,0.54970396
304593.0,6.0,1,0.54970396
310957.0,6.0,1,0.54970396
309089.0,4.0,0,0.451427
302216.0,5.0,1,0.54970396
302600.0,6.0,1,0.54970396
307408.0,4.0,1,0.54970396
306821.0,3.0,0,0.451427
304398.0,2.0,1,0.54970396
310853.0,5.0,0,0.451427
311397.0,6.0,0,0.451427
302924.0,4.0,1,0.54970396
309040.0,2.0,1,0.54970396
307037.0,5.0,1,0.54970396
301239.0,3.0,0,0.451427
312517.0,4.0,0,0.451427
306017.0,4.0,0,0.451427
302409.0,2.0,1,0.54970396
306381.0,2.0,1,0.54970396
300367.0,4.0,1,0.54970396
309552.0,3.0,0,0.451427
309132.0,3.0,1,0.54970396
307956.0,3.0,0,0.451427
307156.0,5.0,1,0.54970396
304975.0,5.0,0,0.451427
308794.0,4.0,0,0.451427
308491.0,8.0,1,0.54970396
311761.0,3.0,0,0.451427
306209.0,3.0,1,0.54970396
311633.0,6.0,1,0.54970396
307857.0,2.0,1,0.54970396
311293.0,4.0,1,0.54970396
308431.0,5.0,0,0.451427
306247.0,4.0,0,0.451427
304556.0,3.0,0,0.451427
301959.0,3.0,1,0.54970396
307385.0,6.0,0,0.451427
313101.0,8.0,0,0.451427
306599.0,4.0,1,0.54970396
303659.0,4.0,1,0.54970396
303634.0,4.0,1,0.54970396
315027.0,4.0,1,0.54970396
308671.0,3.0,1,0.54970396
312971.0,6.0,1,0.54970396
310368.0,3.0,1,0.54970396
301014.0,6.0,1,0.50013053
314234.0,4.0,1,0.54970396
309722.0,4.0,1,0.54970396
314631.0,5.0,0,0.451427
303200.0,3.0,1,0.54970396
301329.0,3.0,1,0.5385737
312388.0,3.0,1,0.54970396
301945.0,4.0,1,0.5385737
311946.0,4.0,0,0.451427
302338.0,4.0,1,0.54970396
310486.0,4.0,0,0.451427
310941.0,5.0,1,0.54970396
313172.0,4.0,0,0.451427
310361.0,4.0,1,0.54970396
303533.0,7.0,1,0.54970396
306393.0,5.0,0,0.451427
308659.0,5.0,1,0.54970396
308637.0,4.0,0,0.451427
307843.0,3.0,1,0.54970396
301195.0,3.0,0,0.451427
302490.0,4.0,1,0.54970396
310433.0,4.0,1,0.54970396
313917.0,2.0,1,0.451427
308767.0,4.0,0,0.451427
307858.0,2.0,1,0.54970396
312315.0,4.0,1,0.54970396
314890.0,5.0,0,0.451427
312259.0,3.0,1,0.54970396
304615.0,3.0,1,0.54970396
305640.0,4.0,0,0.451427
302881.0,5.0,1,0.54970396
306236.0,4.0,0,0.451427
303424.0,4.0,1,0.54970396
304815.0,5.0,1,0.54970396
303306.0,4.0,1,0.54970396
310294.0,4.0,1,0.54970396
305125.0,3.0,1,0.54970396
313136.0,4.0,1,0.54970396
304391.0,3.0,1,0.54970396
303261.0,4.0,1,0.54970396
305291.0,4.0,1,0.451427
305113.0,6.0,0,0.451427
300093.0,2.0,1,0.54970396
306380.0,5.0,1,0.54970396
309707.0,3.0,0,0.451427
308156.0,2.0,1,0.54970396
314914.0,6.0,1,0.54970396
308524.0,5.0,1,0.54970396
305263.0,4.0,1,0.54970396
306726.0,4.0,1,0.54970396
306499.0,3.0,1,0.54970396
309250.0,9.0,1,0.54970396
314578.0,3.0,1,0.54970396
309404.0,3.0,1,0.54970396
313839.0,4.0,1,0.54970396
305877.0,6.0,1,0.54970396
307036.0,3.0,1,0.54970396
311809.0,3.0,1,0.54970396
311116.0,4.0,1,0.54970396
314646.0,2.0,1,0.54970396
312393.0,4.0,0,0.451427
306323.0,2.0,1,0.54970396
307584.0,3.0,1,0.54970396
310988.0,3.0,1,0.54970396
309393.0,6.0,1,0.54970396
312000.0,5.0,1,0.54970396
305632.0,4.0,1,0.54970396
308422.0,6.0,1,0.54970396
309422.0,2.0,0,0.451427
313668.0,5.0,1,0.54970396
304893.0,4.0,0,0.5020033
305865.0,3.0,1,0.54970396
307246.0,4.0,0,0.451427
311082.0,2.0,1,0.54970396
301563.0,3.0,0,0.451427
304987.0,2.0,0,0.451427
304322.0,4.0,1,0.54970396
310820.0,4.0,0,0.451427
305142.0,3.0,1,0.54970396
312198.0,3.0,1,0.54970396
306137.0,4.0,0,0.451427
303602.0,4.0,1,0.54970396
305159.0,4.0,0,0.451427
304095.0,5.0,1,0.54970396
308635.0,7.0,1,0.54970396
309295.0,4.0,1,0.54970396
302355.0,3.0,0,0.451427
309069.0,4.0,1,0.54970396
303799.0,3.0,0,0.451427
312430.0,4.0,1,0.54970396
302938.0,4.0,1,0.54970396
313009.0,7.0,1,0.54970396
306518.0,2.0,1,0.54970396
311250.0,3.0,1,0.54970396
307751.0,2.0,1,0.54970396
300703.0,2.0,1,0.54970396
308119.0,3.0,0,0.451427
307444.0,2.0,1,0.54970396
306813.0,5.0,1,0.54970396
310009.0,4.0,1,0.54970396
313469.0,5.0,0,0.451427
311873.0,7.0,0,0.451427
307149.0,4.0,0,0.451427
304861.0,6.0,1,0.50013053
309438.0,3.0,0,0.451427
313130.0,3.0,1,0.54970396
307997.0,3.0,1,0.54970396
305158.0,4.0,0,0.451427
309704.0,5.0,1,0.54970396
311162.0,3.0,1,0.54970396
312666.0,3.0,0,0.451427
313090.0,3.0,0,0.451427
305597.0,4.0,1,0.54970396
307895.0,3.0,1,0.54970396
310128.0,3.0,0,0.451427
305800.0,3.0,0,0.451427
303836.0,3.0,0,0.451427
304478.0,3.0,1,0.54970396
310249.0,6.0,0,0.451427
309407.0,5.0,1,0.54970396
311884.0,3.0,0,0.451427
312721.0,3.0,1,0.54970396
302872.0,3.0,1,0.54970396
308603.0,3.0,1,0.54970396
305162.0,5.0,0,0.451427
304511.0,3.0,1,0.54970396
314705.0,3.0,1,0.54970396
303219.0,4.0,1,0.54970396
309887.0,3.0,0,0.451427
312247.0,5.0,1,0.54970396
310396.0,8.0,0,0.451427
301880.0,4.0,1,0.54970396
301316.0,8.0,1,0.54970396
314944.0,10.0,1,0.54970396
307703.0,5.0,1,0.54970396
304389.0,5.0,0,0.451427
300213.0,4.0,0,0.451427
306219.0,5.0,1,0.54970396
306169.0,4.0,1,0.54970396
305738.0,4.0,1,0.54970396
307408.0,3.0,1,0.54970396
305075.0,2.0,0,0.451427
313496.0,3.0,1,0.54970396
310135.0,4.0,1,0.54970396
307928.0,4.0,1,0.54970396
314758.0,6.0,0,0.451427
303346.0,4.0,1,0.54970396
308972.0,4.0,1,0.54970396
303856.0,4.0,0,0.451427
307394.0,9.0,1,0.54970396
303695.0,4.0,0,0.451427
309621.0,6.0,1,0.54970396
313381.0,3.0,0,0.451427
308168.0,3.0,1,0.54970396
306739.0,4.0,0,0.451427
313246.0,3.0,1,0.54970396
302956.0,2.0,0,0.451427
304619.0,4.0,1,0.54970396
310257.0,2.0,1,0.54970396
314177.0,4.0,0,0.451427
314224.0,5.0,1,0.54970396
301662.0,3.0,0,0.451427
307844.0,4.0,0,0.451427
302489.0,6.0,0,0.451427
303273.0,5.0,1,0.54970396
309648.0,5.0,1,0.54970396
302996.0,2.0,1,0.54970396
314250.0,3.0,1,0.54970396
310942.0,2.0,1,0.54970396
303806.0,3.0,0,0.451427
309214.0,2.0,0,0.451427
302617.0,4.0,1,0.54970396
314766.0,2.0,0,0.451427
310839.0,5.0,0,0.451427
313002.0,4.0,0,0.451427
301193.0,2.0,0,0.451427
312764.0,5.0,0,0.451427
307806.0,5.0,1,0.54970396
308602.0,3.0,1,0.54970396
309562.0,2.0,1,0.54970396
307363.0,8.0,1,0.54970396
303282.0,3.0,1,0.54970396
310369.0,4.0,0,0.451427
301438.0,6.0,0,0.451427
313156.0,5.0,1,0.54970396
308991.0,4.0,1,0.54970396
306673.0,2.0,0,0.451427
306294.0,2.0,1,0.54970396
306090.0,2.0,1,0.54970396
312102.0,4.0,1,0.54970396
314917.0,3.0,0,0.451427
300292.0,5.0,1,0.54970396
307708.0,4.0,1,0.54970396
301572.0,2.0,1,0.54970396
314856.0,4.0,1,0.5020033
301674.0,3.0,1,0.5020033
303542.0,2.0,0,0.451427
313520.0,2.0,1,0.54970396
310554.0,6.0,1,0.54970396
305973.0,4.0,1,0.54970396
309503.0,6.0,1,0.54970396
303261.0,3.0,1,0.54970396
302395.0,6.0,0,0.451427
300794.0,3.0,1,0.54970396
311619.0,4.0,1,0.54970396
301180.0,6.0,0,0.451427
304598.0,4.0,1,0.54970396
304609.0,4.0,1,0.54970396
303500.0,3.0,1,0.54970396
304356.0,6.0,1,0.54970396
304798.0,4.0,1,0.54970396
306779.0,4.0,1,0.54970396
300884.0,3.0,1,0.54970396
309240.0,4.0,1,0.54970396
304038.0,3.0,1,0.54970396
314058.0,2.0,1,0.54970396
308745.0,3.0,1,0.54970396
303861.0,3.0,0,0.451427
308936.0,5.0,1,0.54970396
302942.0,5.0,1,0.54970396
304741.0,3.0,1,0.54970396
312414.0,7.0,0,0.451427
313473.0,6.0,1,0.54970396
308302.0,8.0,1,0.54970396
307572.0,4.0,1,0.54970396
311057.0,4.0,1,0.54970396
313473.0,5.0,0,0.451427
313450.0,4.0,1,0.54970396
302248.0,3.0,1,0.54970396
314766.0,3.0,1,0.54970396
300919.0,3.0,1,0.54970396
306920.0,5.0,0,0.451427
303729.0,4.0,0,0.451427
302475.0,5.0,1,0.54970396
308334.0,3.0,1,0.54970396
312929.0,3.0,1,0.54970396
312251.0,4.0,1,0.54970396
312272.0,5.0,1,0.54970396
308189.0,2.0,1,0.54970396
300607.0,3.0,0,0.451427
309828.0,3.0,1,0.54970396
302861.0,4.0,1,0.54970396
304534.0,3.0,1,0.54970396
308534.0,5.0,1,0.54970396
310156.0,4.0,1,0.54970396
306671.0,3.0,1,0.54970396
305885.0,4.0,0,0.451427
308414.0,4.0,0,0.451427
304357.0,2.0,1,0.54970396
308438.0,4.0,0,0.451427
309040.0,3.0,1,0.54970396
302848.0,3.0,1,0.54970396
301317.0,3.0,1,0.54970396
312552.0,4.0,1,0.54970396
306584.0,3.0,0,0.451427
309418.0,3.0,1,0.54970396
303959.0,6.0,1,0.54970396
312449.0,4.0,1,0.54970396
312417.0,4.0,1,0.54970396
314354.0,4.0,1,0.54970396
309015.0,5.0,0,0.451427
314199.0,2.0,1,0.54970396
303193.0,4.0,0,0.451427
305073.0,3.0,1,0.54970396
300197.0,5.0,1,0.54970396
303992.0,5.0,0,0.451427
311327.0,5.0,0,0.451427
310625.0,4.0,0,0.451427
311420.0,5.0,1,0.54970396
312744.0,4.0,0,0.451427
311959.0,3.0,1,0.54970396
307102.0,4.0,0,0.451427
303845.0,2.0,0,0.451427
302372.0,6.0,1,0.54970396
312021.0,4.0,1,0.54970396
309966.0,3.0,1,0.54970396
303928.0,3.0,1,0.54970396
305670.0,3.0,1,0.54970396
305329.0,5.0,1,0.451427
312426.0,4.0,1,0.54970396
300885.0,7.0,1,0.54970396
312018.0,4.0,1,0.54970396
305458.0,3.0,1,0.54970396
311103.0,3.0,1,0.54970396
307883.0,4.0,1,0.54970396
307384.0,5.0,1,0.54970396
310338.0,6.0,1,0.54970396
313819.0,2.0,0,0.451427
313951.0,3.0,1,0.54970396
307060.0,3.0,0,0.451427
307950.0,3.0,0,0.451427
314994.0,3.0,1,0.54970396
309766.0,2.0,0,0.451427
311324.0,2.0,1,0.54970396
303304.0,6.0,1,0.54970396
312052.0,6.0,1,0.54970396
314657.0,3.0,0,0.451427
302303.0,2.0,1,0.54970396
312500.0,2.0,1,0.54970396
314182.0,11.0,0,0.451427
312878.0,6.0,1,0.54970396
306265.0,6.0,1,0.54970396
305302.0,4.0,1,0.54970396
304850.0,5.0,1,0.54970396
307208.0,4.0,1,0.54970396
314291.0,3.0,1,0.54970396
312247.0,3.0,1,0.54970396
300966.0,3.0,1,0.54970396
313095.0,6.0,1,0.54970396
304242.0,5.0,1,0.54970396
313248.0,3.0,1,0.54970396
311336.0,3.0,1,0.54970396
312105.0,3.0,1,0.54970396
312303.0,4.0,1,0.54970396
312018.0,3.0,1,0.54970396
310267.0,3.0,1,0.54970396
313078.0,4.0,1,0.54970396
315042.0,4.0,1,0.54970396
304909.0,6.0,1,0.50013053
311001.0,7.0,1,0.54970396
300769.0,5.0,0,0.451427
303223.0,10.0,1,0.54970396
314028.0,4.0,1,0.54970396
314335.0,3.0,1,0.54970396
308226.0,3.0,1,0.54970396
311804.0,11.0,0,0.451427
305400.0,3.0,1,0.54970396
312290.0,4.0,1,0.54970396
303431.0,2.0,1,0.54970396
312430.0,2.0,1,0.54970396
308610.0,5.0,0,0.451427
306760.0,6.0,1,0.54970396
302808.0,4.0,0,0.451427
312452.0,3.0,1,0.54970396
310115.0,5.0,1,0.54970396
312166.0,6.0,1,0.54970396
314443.0,3.0,1,0.54970396
308958.0,3.0,1,0.54970396
305321.0,7.0,1,0.54970396
303938.0,6.0,1,0.54970396
314277.0,4.0,1,0.54970396
310205.0,5.0,0,0.451427
300534.0,4.0,1,0.5385737
314410.0,2.0,1,0.54970396
309687.0,3.0,0,0.451427
313348.0,3.0,0,0.451427
307394.0,4.0,1,0.54970396
302500.0,2.0,1,0.54970396
303468.0,7.0,1,0.54970396
302016.0,3.0,1,0.54970396
303126.0,4.0,1,0.54970396
303026.0,4.0,1,0.54970396
305842.0,4.0,1,0.54970396
304971.0,4.0,1,0.54970396
312496.0,5.0,1,0.54970396
306677.0,5.0,1,0.54970396
304918.0,4.0,0,0.451427
302695.0,5.0,1,0.54970396
308433.0,4.0,1,0.54970396
309925.0,3.0,1,0.54970396
313360.0,4.0,1,0.54970396
311320.0,6.0,1,0.54970396
309964.0,4.0,1,0.54970396
300550.0,3.0,0,0.451427
308408.0,3.0,1,0.54970396
305156.0,4.0,0,0.451427
314673.0,4.0,0,0.451427
303873.0,2.0,0,0.451427
309326.0,6.0,1,0.54970396
308986.0,7.0,1,0.54970396
303961.0,3.0,0,0.451427
307534.0,3.0,0,0.451427
304873.0,4.0,0,0.451427
303972.0,3.0,1,0.54970396
309125.0,4.0,1,0.54970396
307013.0,6.0,1,0.54970396
314487.0,4.0,1,0.54970396
304340.0,4.0,1,0.54970396
304276.0,3.0,1,0.54970396
309531.0,3.0,0,0.451427
